platform,campaign_name,date,impressions,clicks,conversions,spend,revenue
TikTok,VitaBlend_US_Prospecting_UGC_15s,2026-09-01,24860,462,13,268.40,493.35
TikTok,VitaBlend_US_Prospecting_UGC_15s,2026-09-02,25540,485,14,276.80,531.30
TikTok,VitaBlend_US_Prospecting_UGC_15s,2026-09-03,26320,508,15,285.70,569.25
TikTok,VitaBlend_US_Prospecting_UGC_15s,2026-09-04,27180,526,16,294.10,607.20
TikTok,VitaBlend_US_Prospecting_UGC_15s,2026-09-05,27940,551,18,302.60,683.10
TikTok,VitaBlend_US_Prospecting_UGC_15s,2026-09-06,28810,579,19,313.20,721.05
TikTok,VitaBlend_US_Prospecting_UGC_15s,2026-09-07,30120,612,21,326.90,796.95
TikTok,VitaBlend_US_Prospecting_UGC_15s,2026-09-08,31560,648,23,339.40,872.85
TikTok,VitaBlend_US_Prospecting_UGC_15s,2026-09-09,32640,684,25,352.10,948.75
TikTok,VitaBlend_US_Prospecting_UGC_15s,2026-09-10,33780,718,27,365.80,1024.65
TikTok,VitaBlend_US_Prospecting_UGC_15s,2026-09-11,34610,746,29,378.40,1100.55
TikTok,VitaBlend_US_Prospecting_UGC_15s,2026-09-12,35980,782,31,391.20,1176.45
TikTok,VitaBlend_US_Prospecting_UGC_15s,2026-09-13,37140,821,34,405.70,1290.30
TikTok,VitaBlend_US_Prospecting_UGC_15s,2026-09-14,38920,866,37,421.30,1404.15
Instagram,VitaBlend_US_Reels_Lifestyle,2026-09-01,18320,252,9,214.20,382.50
Instagram,VitaBlend_US_Reels_Lifestyle,2026-09-02,18740,261,9,219.80,382.50
Instagram,VitaBlend_US_Reels_Lifestyle,2026-09-03,19180,270,10,225.40,425
Instagram,VitaBlend_US_Reels_Lifestyle,2026-09-04,19610,282,10,231.10,425
Instagram,VitaBlend_US_Reels_Lifestyle,2026-09-05,20120,294,11,237.60,467.50
Instagram,VitaBlend_US_Reels_Lifestyle,2026-09-06,20580,306,12,244.30,510
Instagram,VitaBlend_US_Reels_Lifestyle,2026-09-07,21140,321,13,251.90,552.50
Instagram,VitaBlend_US_Reels_Lifestyle,2026-09-08,21820,338,14,260.40,595
Instagram,VitaBlend_US_Reels_Lifestyle,2026-09-09,22460,354,15,268.70,637.50
Instagram,VitaBlend_US_Reels_Lifestyle,2026-09-10,23110,371,16,277.10,680
Instagram,VitaBlend_US_Reels_Lifestyle,2026-09-11,23780,389,17,285.80,722.50
Instagram,VitaBlend_US_Reels_Lifestyle,2026-09-12,24490,408,18,294.60,765
Instagram,VitaBlend_US_Reels_Lifestyle,2026-09-13,25210,429,20,304.20,850
Instagram,VitaBlend_US_Reels_Lifestyle,2026-09-14,26040,452,22,314.90,935
Facebook,VitaBlend_US_Retargeting_7d,2026-09-01,7250,236,18,158.40,988.20
Facebook,VitaBlend_US_Retargeting_7d,2026-09-02,7410,242,18,160.10,988.20
Facebook,VitaBlend_US_Retargeting_7d,2026-09-03,7580,249,19,162.30,1043.10
Facebook,VitaBlend_US_Retargeting_7d,2026-09-04,7760,257,20,165.20,1098
Facebook,VitaBlend_US_Retargeting_7d,2026-09-05,7950,266,21,168.50,1152.90
Facebook,VitaBlend_US_Retargeting_7d,2026-09-06,8140,275,22,171.90,1207.80
Facebook,VitaBlend_US_Retargeting_7d,2026-09-07,8350,286,23,175.80,1262.70
Facebook,VitaBlend_US_Retargeting_7d,2026-09-08,8570,297,24,179.60,1317.60
Facebook,VitaBlend_US_Retargeting_7d,2026-09-09,8790,309,26,183.90,1427.40
Facebook,VitaBlend_US_Retargeting_7d,2026-09-10,9020,322,27,188.40,1482.30
Facebook,VitaBlend_US_Retargeting_7d,2026-09-11,9250,335,28,192.80,1537.20
Facebook,VitaBlend_US_Retargeting_7d,2026-09-12,9490,349,30,197.60,1647
Facebook,VitaBlend_US_Retargeting_7d,2026-09-13,9740,364,32,202.90,1756.80
Facebook,VitaBlend_US_Retargeting_7d,2026-09-14,10010,380,34,208.70,1866.60
Pinterest,VitaBlend_US_Discovery_Static,2026-09-01,12640,98,0,128.60,0
Pinterest,VitaBlend_US_Discovery_Static,2026-09-02,12980,101,1,131.20,39.90
Pinterest,VitaBlend_US_Discovery_Static,2026-09-03,13320,104,0,134.10,0
Pinterest,VitaBlend_US_Discovery_Static,2026-09-04,13680,108,1,137.30,39.90
Pinterest,VitaBlend_US_Discovery_Static,2026-09-05,14050,112,1,140.80,39.90
Pinterest,VitaBlend_US_Discovery_Static,2026-09-06,14430,116,1,144.40,39.90
Pinterest,VitaBlend_US_Discovery_Static,2026-09-07,14820,120,2,148.10,79.80
Pinterest,VitaBlend_US_Discovery_Static,2026-09-08,15220,124,1,151.90,39.90
Pinterest,VitaBlend_US_Discovery_Static,2026-09-09,15630,129,2,155.80,79.80
Pinterest,VitaBlend_US_Discovery_Static,2026-09-10,16050,134,2,159.90,79.80
Pinterest,VitaBlend_US_Discovery_Static,2026-09-11,16480,139,2,164.20,79.80
Pinterest,VitaBlend_US_Discovery_Static,2026-09-12,16920,145,3,168.70,119.70
Pinterest,VitaBlend_US_Discovery_Static,2026-09-13,17380,151,3,173.40,119.70
Pinterest,VitaBlend_US_Discovery_Static,2026-09-14,17850,158,4,178.30,159.60
